PLAYER_ID,SEASON,PLAYER
2037,2019-20,J. Crawford
2207,2021-22,J. Johnson
101123,2021-22,G. Green
101139,2021-22,C. Miles
201144,2021-22,Mike Conley
201144,2024-25,Mike Conley
201150,2018-19,S. Hawes
201628,2020-21,B. Brown
201975,2021-22,J. Meeks
201977,2017-18,M. Thornton
201977,2018-19,M. Thornton
201977,2021-22,M. Thornton
202087,2017-18,A. Gee
202324,2023-24,D. Favors
202362,2023-24,L. Stephenson
202391,2017-18,J. Lin
202391,2020-21,J. Lin
202687,2016-17,Bismack Biyombo
202702,2021-22,K. Faried
202702,2022-23,K. Faried
202702,2023-24,K. Faried
202732,2015-16,D. Liggins
202732,2018-19,D. Liggins
202738,2023-24,I. Thomas
202738,2024-25,I. Thomas
203090,2023-24,M. Harkless
203093,2017-18,T. Jones
203093,2021-22,T. Jones
203098,2022-23,J. Jenkins
203098,2023-24,J. Jenkins
203099,2019-20,J. Cunningham
203105,2020-21,F. Ezeli
203111,2016-17,O. Johnson
203145,2023-24,K. Bazemore
203145,2024-25,K. Bazemore
203460,2022-23,A. Roberson
203462,2017-18,A. Goodwin
203462,2018-19,A. Goodwin
203473,2023-24,D. Dedmon
203477,2019-20,I. Canaan
203485,2016-17,L. Brown
203492,2016-17,R. McCallum
203492,2018-19,R. McCallum
203492,2020-21,R. McCallum
203498,2023-24,S. Muhammad
203503,2022-23,T. Snell
203503,2023-24,T. Snell
203503,2024-25,T. Snell
203504,2022-23,T. Burke
203504,2024-25,T. Burke
203515,2016-17,P. Pressey
203585,2015-16,R. McGruder
203613,2019-20,J. Simmons
203898,2019-20,T. Ennis
203909,2017-18,K. McDaniels
203909,2018-19,K. McDaniels
203909,2019-20,K. McDaniels
203909,2020-21,K. McDaniels
203918,2023-24,R. Hood
203922,2023-24,G. Robinson III
203928,2016-17,C. Jefferson
203928,2017-18,C. Jefferson
203928,2018-19,C. Jefferson
203933,2024-25,T. Warren
203955,2015-16,B. Cotton
203960,2016-17,J. Sampson
203961,2016-17,E. Moreland
203967,2017-18,Dario Šarić
203996,2016-17,D. Inglis
204028,2021-22,T. Black
204038,2022-23,L. Galloway
204066,2015-16,J. Holland
204066,2016-17,J. Holland
204066,2018-19,J. Holland
1626144,2021-22,E. Mudiay
1626144,2022-23,E. Mudiay
1626155,2021-22,S. Dekker
1626161,2022-23,W. Cauley-Stein
1626163,2024-25,F. Kaminsky
1626166,2017-18,Cameron Payne
1626169,2023-24,S. Johnson
1626169,2024-25,S. Johnson
1626173,2018-19,R. Vaughn
1626173,2022-23,R. Vaughn
1626174,2017-18,C. Wood
1626187,2015-16,M. Frazier
1626187,2018-19,M. Frazier
1626187,2020-21,M. Frazier
1626187,2023-24,M. Frazier
1626188,2015-16,Q. Cook
1626188,2021-22,Q. Cook
1627362,2018-19,B. Weber
1627737,2023-24,M. Chriss
1627742,2023-24,Brandon Ingram
1627748,2021-22,T. Maker
1627748,2024-25,T. Maker
1627753,2018-19,Zhou
1627755,2018-19,T. Ulis
1627755,2019-20,T. Ulis
1627770,2018-19,K. Felder
1627775,2021-22,P. McCaw
1627775,2022-23,P. McCaw
1627775,2023-24,P. McCaw
1627775,2024-25,P. McCaw
1627778,2018-19,C. Onuaku
1627781,2020-21,M. Richardson
1627819,2019-20,I. Taylor
1627820,2016-17,T. Wallace
1627820,2020-21,T. Wallace
1627846,2016-17,A. Nader
1627885,2016-17,S. Harrison
1628021,2022-23,D. Nwaba
1628021,2023-24,D. Nwaba
1628035,2016-17,A. McKinnie
1628035,2022-23,A. McKinnie
1628367,2022-23,J. Jackson
1628372,2020-21,D. Smith Jr.
1628381,2019-20,John Collins
1628381,2024-25,John Collins
1628382,2023-24,J. Jackson
1628383,2017-18,J. Patton
1628390,2021-22,T. Ferguson
1628391,2022-23,D. Wilson
1628393,2019-20,J. Evans
1628393,2021-22,J. Evans
1628393,2024-25,J. Evans
1628395,2023-24,J. Bell
1628411,2022-23,W. Iwundu
1628432,2019-20,D. Reed
1628432,2023-24,D. Reed
1628432,2024-25,D. Reed
1628455,2016-17,A. James
1628499,2018-19,A. Cleveland
1628499,2020-21,A. Cleveland
1628537,2020-21,J. Morris
1628539,2017-18,M. Mulder
1628539,2018-19,M. Mulder
1628539,2022-23,M. Mulder
1628539,2023-24,M. Mulder
1628778,2017-18,P. Watson
1628778,2018-19,P. Watson
1628778,2023-24,P. Watson
1628778,2024-25,P. Watson
1628980,2020-21,J. Evans
1628980,2021-22,J. Evans
1628987,2018-19,K. Hervey
1629010,2021-22,J. Robinson
1629010,2022-23,J. Robinson
1629016,2020-21,O. Spellman
1629033,2023-24,T. Pinson
1629034,2019-20,R. Spalding
1629034,2022-23,R. Spalding
1629034,2023-24,R. Spalding
1629059,2020-21,E. Okobo
1629109,2022-23,G. Clark
1629116,2019-20,A. Delgado
1629117,2018-19,W. Gabriel
1629126,2021-22,D. Burton
1629126,2022-23,D. Burton
1629126,2023-24,D. Burton
1629134,2018-19,K. Nunn
1629150,2020-21,E. Terry
1629164,2023-24,B. Goodwin
1629185,2022-23,C. Chiozza
1629308,2018-19,J. Toscano-Anderson
1629308,2024-25,J. Toscano-Anderson
1629598,2021-22,C. Clemons
1629598,2023-24,C. Clemons
1629603,2024-25,M. Diakite
1629617,2022-23,R. Perry
1629617,2024-25,R. Perry
1629623,2019-20,L. Wigginton
1629623,2020-21,L. Wigginton
1629623,2023-24,L. Wigginton
1629633,2023-24,J. Culver
1629633,2024-25,J. Culver
1629642,2024-25,N. Little
1629667,2024-25,J. McDaniels
1629676,2023-24,I. Roby
1629683,2023-24,Q. Weatherspoon
1630170,2020-21,Devin Vassell
1630202,2020-21,Payton Pritchard
1630219,2024-25,S. Mays
1630231,2023-24,KJ Martin
1630233,2023-24,N. Knight
1630346,2021-22,M. Ryan
1630593,2021-22,M. Wright IV
1630606,2022-23,J. Smart
1630606,2023-24,J. Smart
1630606,2024-25,J. Smart
1630613,2023-24,D. Washington Jr.
1630647,2024-25,E. Omoruyi
1630649,2022-23,Stanley Umude
1630695,2021-22,Micah Potter
1631103,2024-25,Malaki Branham
1631199,2023-24,Ron Harper Jr.
1631245,2024-25,Quenton Jackson
1641745,2023-24,Adam Flagler
1641749,2024-25,K. Johnson
1642389,2024-25,Zyon Pullin
1642399,2024-25,Jesse Edwards
